userID,248,249,250,251,252,253,254,255,256,257,258,259,260,261,262,263,265,267,271,273,274,275,276,277,278,279,280,281,282,283,284,285,286,287,288,289,290,291,292,293,294,295,296,297,299,300,301,302,303,304,306,307,308,309,310,311,312,313,314,316,317,318,319,320,321,322,323,324,325,326,327,328,329,330,331,333,334,335,336,337,339,340,341,342,343,344,345,346,347,348,349,350,351,352,354,355,356,357,358,359,360,361,362,363,364,365,366,367,368,369,370,371,372,374,375,376,377,378,379,381,382,383,384,385
1001,2.3815869471417894,2.373274986678889,2.37049074164195,3.006919533426932,1.5194421731786905,1.2224636637524824,1.2053722709981078,1.180796809027618,1.2220436492217794,1.163867400722377,1.561780195207756,1.5810847962880703,1.5893332734787844,1.6047159000230033,1.1322604526958817,2.1655149898142696,2.1394464944886704,2.1686505139567207,-0.6756320597307948,1.004822982759285,1.0673887050686135,1.0156272992904953,1.148648130864073,1.1715895237753289,0.47355100387284765,0.5323144909522772,0.5372406057858681,0.548150026084216,0.5362914675233241,1.188101514045396,0.9610173308231142,0.9592428521454375,1.065465335394585,1.0636244977457254,2.000180176963505,2.05869920190906,1.998989413121337,1.997717733909512,1.8914340941629777,2.186665079562878,2.0370383436985904,2.2132963745783623,2.16189396768301,2.1339664317834908,1.0163623982511756,1.0107005654706063,1.0511492782260916,1.1170080923171906,1.0058469963445091,1.0104127407251422,1.025441184383356,1.0066981059605262,1.0426679526802727,0.9923771363756089,1.0318759616472621,1.0273966412101254,1.0001831872359959,0.9643128453798515,0.9522595678914278,0.9793366719012409,0.9671643909417469,0.0588925641219058,1.034236324370442,1.0057533781846248,1.0103778396577243,1.0080824799845027,1.005669763135932,0.755255272739586,0.9893419658895035,0.9728804665859361,1.1269191315895117,1.0290829823807988,0.9694423462881128,1.0350114559346606,2.1254752281288725,0.9571521937005074,0.9874469834386694,2.0605043463324995,1.0413398683437243,0.9186426728039647,2.994776673070174,1.0163415131341682,0.9692099265785439,1.0224243969723257,1.106185870810473,1.0038019625903032,0.9691438589834567,0.9873405030188294,1.0618828293775522,1.0167737275994613,1.0026231529706293,1.003937227644312,1.9822044626221267,0.8420488668435167,1.0424535870776581,0.9770021413761332,0.9983877254846134,1.03045873523496,0.9263152305385538,1.0836650305250841,1.0298071512983449,0.908755415400035,0.960740384402698,0.9988268719956004,0.9632743838137037,1.0632765273319564,0.9818554638478334,0.966928289723282,0.9708020931984751,2.1742256365243895,1.029087750671155,1.0860230811929363,1.1119174236374505,1.0517456970647476,1.0536983888052878,1.0196105568604859,1.0738221518418802,1.058828661300907,1.2546491549276988,0.9734222794382004,1.0417122743906098,0.9368020649106792,2.038373799015337,0.9547916596281683
1002,2.8345628411331463,2.8577739613512394,3.198039090602986,2.7485070266817466,2.861314124192284,1.6383724786879335,1.9534366827510727,1.7411451184793025,1.5970543881700963,1.7847605551899226,2.0663934356757943,1.9899388170233143,2.1605823532901267,2.140201292680055,2.0928866294862876,4.927950302316041,2.7471202838129543,2.716434287957515,-0.3596914744758539,1.0509950303827909,1.5148656241192762,1.5962038909566179,1.5834153271809752,1.357887854281321,1.0972325068273026,1.0207549956103013,0.9439094308357723,1.1423312557056662,1.1366038302222743,1.4529044023308448,1.6730195060910331,1.8254207833779645,1.6545883154009613,1.519140075206364,2.5211949341018234,2.6882063061040435,2.4145023490269755,2.561960025493371,2.4788641595894716,2.4769880404332505,2.6339410065439717,2.5828661665474235,2.7435196916338316,2.5374760566549326,1.5489146857218152,1.0140471373963509,1.3956191287861683,1.4576220608945931,1.4921087410675775,1.5948477249688104,1.6295135336460436,1.3399914588165585,1.6115104626376526,1.5688878700720998,1.6051887635013444,1.6221901634471387,1.683113907549683,1.6292881404104818,1.6921479282580423,1.5465846032205124,1.680353637264599,1.6591631771134852,1.621956147440951,1.6006566961199606,1.6771837573125836,1.584808551353643,1.7528446449078876,1.7423111373456597,1.6054035254051233,1.5442931573514551,1.6675506128152415,1.8005433820042365,1.720002129292396,1.51815933125678,2.6766806626036055,1.6798883154036024,1.6776945049896788,2.87240734559324,1.5902476206503509,1.7428649879470028,1.643260601505872,1.036930178672133,1.590301627707153,1.7922709806658985,1.6253651040702501,1.5895433328798663,1.5672505466809996,1.6314322138470057,1.6522158308253232,1.629177428448525,1.528807529739403,1.5896336160170819,1.640331989907585,1.816865746329304,1.5011193980317006,1.570546485610659,1.6021285784714419,1.5228512547887503,1.7818389838451307,1.4116283640436516,1.529363622550481,1.535921770497373,1.6681122515646019,1.5952336615818812,1.703186327667126,1.35659194158834,1.5762048530011215,1.6853959391581221,1.4543489851331661,2.6801836807058104,1.5050148115972748,1.723192987020608,1.0213937937416975,1.4071459791626508,1.6127778817231455,1.5144580601533306,1.5902857866805342,1.7057233421543492,1.6643658859259145,1.6267003711907746,1.5561457613185024,1.688263854789319,4.953648571998041,1.7876554213945801
1003,3.0489476498394454,2.467542610989671,1.9262851209764984,2.6037366587585984,2.4100670470408856,1.4890574159438874,1.2352248058405928,1.3280038197425437,1.3252379049768435,1.3408277258269223,1.592226499866341,1.54615611095624,1.7968777569724312,1.77078472091388,2.1150369971217367,2.2509735527888517,2.3568869120711464,2.3074285198010767,-0.2940523463889919,1.2880354733831139,1.208912545998989,1.3357518499705954,0.9919343954259309,1.2775520873094859,0.6932270724081386,0.6772713880845218,0.6742216511714154,0.6669620320002261,0.6149647136331986,1.069927019318862,1.2051301105220475,0.9968325495880381,1.14588338262257,1.2259487207641486,2.145334085904187,2.04917045751872,1.935768253468952,1.8676089292707898,2.199077123802476,2.3339706691418907,1.9169112479677601,2.2191839015334938,2.1326417707000904,2.1884359425243947,1.264692129355585,1.9865995166437456,0.9900173839551223,1.3654116877375633,1.7969437722262924,1.1977556915902796,1.0721523896094398,1.617954818960044,1.2078476033933359,1.3028386250366761,1.2257980322575746,1.2153131240987465,1.2526914544577457,1.1666868897134752,1.2677704660727542,1.1214575662154957,1.2797892744416761,1.2373621491410263,1.1707708139491517,1.6803565149150472,1.282246575407826,1.1712146146622469,1.186246425771869,1.2116974943671508,1.2904147053566524,1.2182141494852452,1.2035355160638819,0.9801013346092362,1.087282974839395,1.0672692731433915,1.9873154096663157,1.2712052182870939,1.2104076430401034,2.4363275137026275,1.1704989365463851,1.2369028715743102,1.065935607940823,1.2976071747920304,1.1913804724742656,1.066043499159104,1.0763785743418297,1.1961879100752544,1.2236661334243895,1.2277418318880597,1.147427942844999,1.0751794917864474,1.2311943713112363,1.196152266577874,1.1845613464003493,1.038385799220514,1.1922055985519084,1.287018991257269,1.2552750973043478,1.069390237829015,1.1824203605145538,1.775751175415694,1.0091943731257147,1.2524961497666123,1.2481069218229282,1.3323711119275092,1.0843942128864388,2.003703553796452,1.2089775454008982,1.1115390502367712,1.2942863874553376,2.416553047276742,1.2236860883581429,1.1569413340700958,1.1783175654934985,0.888631753267598,1.1953875409934325,1.0666725776603152,1.1840929387218626,1.2214433496751234,1.2247154132716114,1.251155619989083,1.2626393118988521,1.0508039639922964,2.131697177718224,1.1557108953641144
1004,3.209455076070137,2.478594460309251,3.13111932885443,2.511970725601249,2.4254947307162147,1.930837327278755,1.5296392812813364,1.7592635828154992,1.0371954872249851,1.796013657355503,1.4877279454646894,1.401355858383967,2.187073627872605,2.233112353406984,2.223811887929311,2.7175585084872003,2.776794849676398,2.722250729722627,-0.2751488878799895,1.5650061908324098,1.4973834289518764,1.5899710513271055,0.7321103451265899,0.8876687246859402,1.1744271739594148,0.8015698675465428,0.918503451116714,1.2597074953743126,1.117116900749348,0.7830396518285374,1.7547078276491468,1.689652848818882,1.6268667397221908,1.6275034191162971,2.5961198207257072,2.5213445695227854,2.5166836925270317,2.4055897439128975,2.477485002323604,2.218216804624851,2.0126999561527166,2.1596153769725293,2.6324679516937035,2.1371315947203025,1.5731221020771964,1.4893890162848973,1.575959916521948,1.7432702454162952,2.074906595152945,1.5958315804609333,1.5078095214073544,1.5225625604764252,1.5581612598307901,1.7818393577610538,1.625431579144902,1.5167942238431376,1.9481602737149242,1.5894941004822323,1.9940685500509683,1.4667830956738108,1.8294756697757886,1.8214104602252124,1.600617597930935,2.0759194965149446,1.8661536355693853,1.5623964288518353,1.7402117495505571,1.8497886071334353,1.9186438975759232,1.5506305830677094,1.7127044866715324,1.739817712291602,1.73689351907049,1.5705585512270568,2.417029219864853,1.8274437400494983,1.789863346196459,3.2874176417896077,1.5664644634891756,1.7427280649542025,1.5227746430201192,1.6385488530598176,1.512722059135043,1.5330583200793522,1.4229800817733385,1.5769008997566007,1.8646286345598355,1.60757764836527,1.623286584534549,1.5104592152150056,1.5824871748360583,1.5770248747126014,1.6507939844571364,1.734313771074862,1.4780248412452914,1.6040219388856558,1.8202568079476404,1.2507497338223452,1.814257012422471,1.994716068244359,1.5372734187999082,1.754974727986069,1.8909147730016205,1.8683438474991823,1.741723671716612,1.9516235085135842,1.5786480483462035,1.556427853322828,1.8098617859620725,2.6920229239501694,1.5975470296224692,1.651102146431247,1.0319656531928636,1.548110240164543,1.6065281832239786,1.5641210866880086,1.595493585594835,1.8059293947666877,1.8198996987226312,1.8308009618101853,1.6199912977493942,1.5546926758034163,2.605290077495412,1.7806420102211673
1005,4.22105246053155,4.088831681001962,4.162929495113132,4.429586563395855,4.222565083568873,2.9254183550510975,2.9347116353479885,2.8840898316289936,2.9455472498044246,2.969826240215709,3.369945060205962,3.3144528715631894,3.3809121193447984,3.4259342681472607,3.165017777272721,4.964231039461147,3.9375985522813925,3.8978408544798633,1.067952038608249,2.6803661638751133,2.9827001845895094,2.767999396508351,2.82844836486127,2.8996451418052738,2.2534906911443704,2.2594895724792625,2.505297965174286,2.401132722698943,2.362557953713339,2.870848174071252,2.871215724305048,2.7220637727526795,2.9414617098504965,4.944157944093564,3.608498053617631,3.8887772934496296,3.6225373245427988,3.7509317670283804,3.6137280496562227,3.9425460625745754,3.8942722357771506,3.8915368133456387,4.036008007447995,3.9049601611871836,2.814796857949677,3.025170240078388,2.981547441479835,2.886692304806583,2.8056880390656613,2.7995211076564472,2.794339892707521,2.8607003166346163,2.911188639885286,2.8113395383078585,2.8057026404774663,2.846472374551901,2.809988838808161,2.770624933471633,2.75672099791114,2.731803779877856,2.75870440612716,2.7346152941334765,2.869371536400128,2.624679240278135,2.755995107308026,2.7722132075569696,2.5846585089042957,2.728154866041673,2.751619124814156,2.727095923322591,3.0275636762338083,2.417329654983572,2.7413686915341695,2.726971060670569,3.053891925602148,2.715726254062068,2.753512838233991,3.8775041406952493,2.835054062425343,2.5206922861468946,2.8316820055208485,2.7366904964852576,2.8929995522799112,2.7624877114588444,3.007339166690381,2.7975830415238803,2.015445216605541,2.7536038276984387,2.9363593582466567,2.8048078090641524,2.80672473340422,2.7977766838229368,2.8210324642426388,2.524732096977869,2.9526172447000545,2.7401684798152015,3.95613327524599,2.7868171900119356,2.539892762162373,2.8512624302958196,2.793932836790909,2.027372188062482,2.7612189408778947,2.78321729395306,2.7503732445059432,2.871482483307184,2.798313154747278,2.8420508805768447,2.694087425220532,4.32174876975583,3.1609930619224937,3.001313414565051,3.977806448664122,2.6604650801231418,2.7901354041895616,2.732044714261769,2.8689053704614698,2.8885572248052642,2.7630437236691243,2.7332091356079062,3.9667567612417196,2.746454388116527,3.8181103604794795,2.5156377104425527
1006,5.010154914566527,2.0502992803235234,2.047293540597779,2.6153526360405803,2.0438538964546193,2.95154648539644,1.611136178601945,1.6992117627526415,1.280087931396169,1.6924685195190836,1.5755615637013292,1.0420661776658962,2.124266733230013,2.1774947501716664,2.2214958265086064,2.41780606382871,2.7566053877096115,2.664118607823129,0.968712060073349,1.6459694895852568,1.344268120303886,1.6463452944326433,1.088421928533347,1.9823882733212757,1.0855150998349827,1.004976699585086,0.7218319581258836,1.0711346856290467,0.7819169837349693,1.076148328971817,1.5800356938750213,1.0422288622075828,1.5057007526653952,1.6589834194329067,2.6556792781377934,2.4720375581748044,2.501685635957654,2.3210732110225027,2.4818477114310973,2.81829522782401,1.0817516334801611,2.342226411483307,2.0671686196739314,2.225638596089075,1.5762829319046878,1.606295048294259,1.5852623373847863,1.8019706065426604,3.8756790041582585,1.544441773361284,1.0243626603577838,1.6516484955974087,1.525532202572933,1.6871611489584581,1.3316574229770375,1.493827410154928,1.7236620628324584,1.6160109209888658,1.79577889677106,1.0365455539231323,1.6928432660471269,1.7351878000507615,1.5126754462858527,3.9002419564305955,1.9858753526641975,1.6079890366733842,1.9159888761560002,1.5113736497436843,1.9384376383796855,1.5121025324466457,1.9948087908918661,1.0280031650376509,1.0493760503428347,1.5398085054003963,2.2701617442381856,1.6770426902419504,1.4352778702665427,3.062625037308147,1.6948372953850184,1.8210553319148803,1.0341910179755127,1.5876803470055083,1.0228541271415146,1.0231087808685577,1.3389504853055072,1.5219558111156244,1.773198483744208,1.5675796920441758,1.5142182001528834,1.0292616605729286,1.5862376155828428,1.5222738385603056,1.5888795078492184,1.0639910848036018,1.308310899891281,1.4920839461872106,1.7365156095656697,1.038656464091273,1.8908905696775822,3.944558367478437,1.4235373287309232,1.6564128161144045,1.7378053881068634,2.009693826252268,1.071499195408354,3.920760759294562,1.5489169039912023,1.1133221314816633,1.6815134488676398,2.812766845068215,1.329924673260926,1.4892426828007441,1.0036384984419777,1.5345328886157874,1.6068089017793348,1.5197884804321038,1.5764802448236968,1.6606055177148389,1.6724797442607904,1.7865674765911623,1.6121314644496967,1.3746434770887415,2.040505678436876,1.7385168092978072
1007,3.2901450786869244,3.3190611811324944,3.2684109249533506,3.2787083967056008,3.3066946617671764,2.011680238983396,2.001418705069084,2.0287689540677283,2.029253026012136,2.0231609451828074,2.4578436412287266,2.4758571706126045,3.01356122242152,2.4473315448414215,2.474920860508763,3.0061891794639237,3.0130938015357653,3.0035910129891468,0.09241287575956703,1.914503048878914,1.8970172067997662,1.9127326239934979,1.8625875546761907,1.8887289489920125,1.3465875897166903,1.3517906756786366,1.3573275769853759,1.3441802281376038,1.1387025055779822,1.851284634101904,1.8708251093949442,1.8552850664707532,1.851541019374162,1.869556913463847,2.820010393589575,2.7941737174418546,2.796532277875043,2.814359973573923,2.853780658916016,2.972366124431917,2.9664407947836886,2.9638132611760835,2.9577621423148432,2.9696381439445,1.8589121845531147,1.9040659846898276,1.8435508235770515,1.85387910268972,1.8718481375823623,1.867115441076919,1.8677507661496455,1.8396363124934654,1.8507533292957192,1.8666674668443592,2.0149459610267226,1.8550313318408942,1.8627282613781695,1.8789098106991702,1.8640086435430883,1.89403404390981,1.8707504291067556,1.8715142306888737,1.863036944714274,1.8702421174478219,1.8580881499506612,1.875478347030159,1.8214887674949978,2.2157547051504882,1.8979900106501546,1.8857404847537245,1.8501129399379859,1.8548165169576416,1.8647499795804525,1.8515387887975336,2.9642669473578076,1.8778570391052551,1.8683567192495731,3.005399411354956,1.873396485339215,1.8972599914678474,1.8586272765173306,1.8854223399708059,1.896003740297394,1.842470651084172,1.8431141139282863,1.874167058207604,1.868330249243483,1.880814793886549,1.852787940450579,1.872680771937289,1.8812187608126747,1.8741386992209166,1.8719180706705232,1.8832301071398878,1.8760797111258567,1.897725226452211,1.8667789437360574,1.8749624249711259,1.8776691906462726,1.878958023799227,1.8483049949149133,1.8828995531218538,1.8664073212994872,1.8749628742538063,1.8658187057873317,1.8842770438332939,1.8718906323913158,1.8854963328978305,1.8743725801663547,3.0061197038243597,1.8597081679617387,1.8470214719798603,1.8979786648101635,1.8296605757169333,1.8550401954100648,1.8571370111061953,1.815820722342635,1.7901301714943436,1.8673060893060764,1.863601803550531,1.8745587577443557,1.8662093306002911,2.9609154271446423,1.7422198849004524
1008,2.7829970892525924,2.33048024922786,2.972870124034873,3.164523439460928,3.00058547440845,1.5615349304860096,1.6337957278900608,1.3779260996738225,1.3722304675285013,1.6459405709705237,1.5527234834977144,1.5402897247553025,2.007552013939117,2.976390010970674,1.6372948483907324,2.576971442912579,2.519692746605532,2.5860376686468376,-0.44444298473118127,1.1590354929067348,1.5987440149803978,1.3200331714367026,1.1596756289728098,1.1437460143238103,0.9450836314404447,0.8142493089873359,1.1098125713685307,1.0422282878429328,1.131149958431452,1.1847967110304685,1.7987093809041426,1.0439024077751802,1.745542576353598,1.487052969824916,1.710707838701053,2.6553315855632906,2.429773016791665,2.982200889526518,1.990630630727479,2.3084251326656497,2.414645541911767,1.1025042231174256,2.8776082130338527,2.3330905389005263,1.426432887132736,1.4151684887744584,1.4790050939553432,1.9455867098186257,1.3705347890786828,1.4721570362876524,1.4395574115906309,1.4254846153773564,3.0014699451379734,1.654473158552662,1.4470232879298057,1.8270135991569036,1.4364979264238331,1.2228888115133099,1.5749196997596167,1.2961234596022282,1.5081364407842164,1.5193211054865732,1.5660836295663698,1.2745636842322836,1.5124689261814785,1.2984036480344943,1.3576562692236893,0.9250092708929543,1.0431586844131842,1.2281429337105518,1.9159579925743575,1.7799837275599524,1.5381500865855011,1.4578516824742602,2.513321639628642,1.2960821814134993,1.5078655194370343,2.769281866877277,1.4700484440328607,1.0986800342157692,1.1913622302404756,1.4329505692704758,1.805741349571555,1.1818346772297101,1.8395426540183388,1.3944582357728519,0.9213186637744479,1.423866574779017,1.733102544059144,1.4330418463545922,1.46755781421291,1.3946374353674005,1.029546856233616,1.2746347174677812,1.568939976204246,1.2494418960751184,1.5475521462525028,1.3037266724706928,1.2614327292158147,1.4771451553363002,1.5841211270608884,1.2872485308135266,1.543394406157314,1.4964360239686723,1.5281679090426945,1.4067699491427141,1.3740153299972155,1.4853626628172678,1.5074054626698026,2.5186935639688377,3.957551056485128,1.9210236454562821,1.45333818695786,1.4918843548704797,1.4267805975359698,1.4226018619132537,1.6617249464677268,1.8988974783159422,1.4162851430773127,1.512053048274115,1.4562435846226183,1.18806224562228,2.3377729008478827,1.2434283589143054
1009,2.979492390755798,3.021198903229359,3.336482518714077,3.7146497747834823,3.176651120811367,1.926892636687379,4.896047286782062,1.864507736342745,2.0524207068390963,1.899369481092137,2.353436471360449,2.395680591216417,2.1948791376536616,2.1681116568917242,1.894162172407126,2.832647135525488,2.688967768280139,2.8510735042554036,0.01705960749907076,1.5411811939537805,1.7888586320345246,1.6325516527909856,4.8811056691320225,2.966675661010574,1.0624638691166683,1.277293287859093,1.2744078112945518,1.024755853631971,1.0179815233972052,2.9714463036931638,1.6276948483364384,1.5914925247452958,1.8353790497126492,1.5510547995689516,2.3370729472706486,3.9596674493703072,2.8169438687615997,3.00139188048064,2.43175877076772,3.0143404271822276,3.0563896298619433,3.1561843965534804,2.892646745695908,3.0442848214926803,1.6654601895079444,1.0316353227570607,1.8414874874160478,2.9700032075936207,1.4300331913645228,1.6971172946200284,1.69473926976673,1.5493565412416146,1.690015429185602,1.6487305984317433,1.0282331558972602,1.7174203090159503,1.503167454558397,1.7035100596649921,1.3984338435270005,1.5521006211970896,1.4464338904228726,1.4764611599688995,1.75644067671313,1.51888616726667,1.99343979872079,1.7439289685981594,1.5655345940011163,1.2193019029629735,1.0346852731961786,1.5012876016488037,2.056828320778076,1.7396825590043221,1.488979812683032,1.7943252737510735,3.0467202579522055,1.430927218831962,1.4033846633014888,2.4167330482430396,1.8543672295399083,1.0383485517583453,1.7370255919585698,1.0383646297991365,1.0521215544965155,1.7472037281648833,2.023195566349856,1.662442280775604,1.3169542863059993,1.573903404387432,1.844245104822389,1.6735925266957685,1.5605747525059503,1.6625205075838387,1.7332855050559028,1.0421747539935207,1.7664278154609705,1.0369905795267709,1.4200831738501254,1.7510416486332514,1.485482782532602,1.5775448978759208,1.825838797881306,1.342310283122166,1.440362430173272,1.050828381898186,1.4701404524312416,1.4614457965885999,1.6468561856099906,1.832396209362233,1.4023885283614468,2.8060778482698967,1.8042850844154126,1.896031345162657,1.0798328424508292,1.9449335868942947,2.0351454247415584,1.7698288642227422,1.7708063885425784,1.664049608914091,1.5182223304911506,1.4012247368191089,1.5631976855792642,1.4965752507313659,2.650322150107699,1.398114592948156
1010,3.664541522793609,2.023676024684976,3.551116591136947,3.520625573620852,3.0809056454387163,2.5055281596691357,2.351019716599418,2.37815904583993,1.9027209325737584,3.975183909460273,2.109212568498263,1.9025908957312703,2.791534737558353,2.82807639971366,2.5838603460059324,3.39063760297189,3.431223745950936,3.355343833653607,0.299938069713638,1.9793605368407334,2.1631445389082318,2.0101576724268186,1.6772439657025888,1.5834733252429323,1.7994648975237284,1.457021061529569,1.5882031016754732,1.9818393476731966,1.9795537707311002,1.5636309176484844,2.4135013349990384,2.3678784758285927,2.5731624348855737,2.2566193276952973,3.1617184031742953,3.5501041193796397,3.158106699822997,3.028578213580979,2.761150455303889,2.8340520048129494,2.610481826976721,2.815267080409341,3.5661022625086134,2.825269432458682,2.214236605636467,2.1327371879128387,2.2141624039581593,2.6605507861993827,2.5301536053927745,2.216115988649495,2.1661409041583735,2.190671879047181,2.25386687332362,2.4638665876719363,2.2363839997124044,2.204217289776622,2.463818405700792,2.2720128021220196,2.584450641895626,1.929673939396539,2.4388303452926516,2.4662906043503154,2.37950902546293,2.5230968291899805,2.4947710533360032,2.240871690825612,2.3812725755679773,2.4526760530199407,2.4019663232727986,1.989494058725648,2.790034542428324,2.681484569587382,2.403787010006285,2.210161187455948,3.0680437335686004,2.5209061893762845,2.3763976360992976,3.862738295276004,2.2738001942169666,2.194240897371678,2.2439756536164257,2.206582507564164,1.9805360412504127,2.222456552192118,2.5809471243294917,2.1901554459553054,2.4340471232797283,2.259911347484924,2.5653219800339757,2.173474281645582,2.173271536014057,2.1906999080731184,2.3717935611691763,2.309699764521148,2.142436525363175,2.0102085935547738,2.457587530344557,2.179466242348097,2.423008703954741,2.43097364087766,2.347865163882421,2.2276500515620246,2.4985652612874754,2.4139389719877027,3.027335379260413,2.4030054513034997,2.2008900432503555,1.3337031558306671,2.4288855021949196,3.2612962110189825,2.5289280365977618,2.758489394765575,1.641634266790013,2.196239144797497,2.228117966580262,2.188499700433426,2.361188985210375,2.7148040593132636,2.5017400026180328,2.7209016786457925,2.246108948354694,2.1175617648072045,3.2279734208997035,2.4178669675951587
1011,4.019455464733805,3.2017002110387978,3.477653474742893,3.2027771688863576,3.0170778264823204,2.3590064572893743,2.3700950089752117,2.2812001736145238,1.881261444233859,2.346170750451532,2.122792518457542,2.147035773613771,2.6912580275854316,2.7128554682543986,2.6711595347480874,3.2902752372951296,3.261548954051717,3.2677749525649293,0.16312921646501044,2.1109655738256077,2.108146481542689,2.1024128166777754,1.6606962720586766,1.5377982224825923,1.680386145614366,1.3608688971315706,1.5573065327847384,1.6568770133994721,1.69244185682591,1.6094012721731144,2.305094446575608,2.280500769445106,2.123800225125443,2.1473476169740646,3.0692162948920947,3.1249555697344578,3.0948876116887982,2.9355706404212647,3.0661886443572746,2.7598705164296713,2.752249115540212,2.9262221390740577,3.158581186338481,2.7731619941888983,2.1272219691054968,2.108420920825237,2.1480155593620864,2.4185761356399587,2.3075199889009523,2.1257602712633927,2.089409868314892,2.1462927323118013,2.164414381192379,2.3126268998550685,2.172832795951731,2.1390254050724087,2.3136799373351904,2.167461027878284,2.442327962323385,2.0630342042812035,2.296768320327317,2.1999676553516627,2.1216204982360365,2.221573340127609,2.332590110893026,2.113874471389848,2.1687738286914353,2.2236893678345346,2.2050096781303177,2.1059571549345115,2.1289236078612923,2.2566117626024225,2.2852552926461716,2.13280066031788,2.979301214726252,2.276767956097655,2.260698926686482,3.6853832536903743,2.1528457079949908,2.1422038661761373,2.3950052632567314,2.1148134539151275,2.0988528559878903,2.1531863538742035,1.9330979050471573,2.1199348547054813,2.288799114534454,2.129016342594177,2.12206453980502,2.0891758568876355,2.1004702519792158,2.119962335298945,2.384191700004525,2.1477800890246312,2.0896978743559895,2.1206353586013655,2.3080366835633397,1.8406565427740267,2.2082993704349647,2.156769250018299,2.0814798069502745,2.291415781221641,2.350143209853325,2.2550741850776284,2.2768434273068507,2.1541018919208508,2.1248658158535685,2.2192325015512475,2.2779156567662673,3.23456433756484,2.11965827548837,2.1211519099054446,1.6611308189540557,2.14434159972967,2.1460136174860205,2.1304859133984557,2.1099393917499834,2.264495805770041,2.370339873116806,2.2623525163087566,2.1375433680418805,2.0785559744740265,3.174778794630521,2.229776121459543
1012,2.9278326868301834,3.1238089475280573,3.1901908781971393,3.128211995309509,3.0941110801661296,2.942395108025175,2.005229398608831,1.9998871307778876,1.8374019166977174,1.7484258947327003,2.2984158892591924,2.317111320620122,2.1140499908268144,2.2173015308034376,1.986655079003472,2.398189747482531,2.7042075730382344,2.9837126051300014,-0.1749193798111568,1.7164873946239285,1.6702950474085396,1.0540061510326177,1.9077310273326025,1.7721051143100062,1.0379956506390682,1.0833286427534643,1.149348536971958,1.0132513604561126,0.9292539109117508,1.8169311751108328,1.52826704960497,1.3574784787488445,1.550788046402713,1.5765141088938575,2.541079210434125,2.544171059473723,4.942015970389724,2.6742173675737657,2.563477524827595,2.7167600896689112,2.807609137221798,2.7676729387681136,2.6730328986264227,2.7958615425768905,1.5670841349066347,1.0701053027495107,3.9591299333805186,1.606930218450728,1.0668496146169018,1.5816863233333378,1.5810560788380554,1.4486072501961242,1.5480252506705119,1.5212134864031506,1.07003774516143,1.5312064641316079,1.529554378789578,1.523780335275792,1.4996578425885025,1.6476960872714281,1.0633273004700938,1.5053877472883563,1.565642636371288,1.4230871441235617,1.5090680426277303,1.5624988335402916,1.4700005555264486,1.5429279185537714,1.468428614716097,1.5983085611933285,1.5105026189141575,1.2578292609970994,1.5031268530335464,2.9981382986210616,2.078933452169837,1.0719128661945403,1.4980050425975677,2.5972980683779157,1.5397871131831322,1.0766878987904138,1.6241798579394535,1.0883986497753457,1.4753265839618797,1.0770462537996288,1.5706148586961732,1.5816133872194111,1.547130772995009,1.0577696976307986,1.5460197518645855,1.5717701037891199,1.637261067997077,1.5816900030984398,1.6016796779057905,1.446730004911731,1.645204792447354,1.0778892712220025,1.5049590415504905,1.6261965430240957,1.4644964598321062,1.4871228970679118,2.994862902187592,1.540910052563742,1.5081920372631528,1.4574291487234072,1.5174588367467634,1.0634178521819895,1.5804576758913544,1.6227561359628027,1.0695511711359003,2.9560371717654785,1.6270830747143536,1.0731778269215186,1.6980757787222243,4.96104282882952,1.612779966311996,2.98282729035233,1.5824508323342186,1.0554854242407603,1.5284367535008183,1.5030980667993479,1.055484154953109,1.625575410891055,2.0479295255533754,1.407712391497797
1014,3.6626256214977433,3.385200335354768,3.683830663203077,3.6238432942761802,3.565999701867633,2.5656557664997655,2.4728441882061523,2.474913577932001,2.343885367667009,2.492109372392056,2.679344934934055,2.558703162400001,2.8910819155084067,2.848669110202664,2.765341730372899,3.470722162193957,3.466170773491128,3.4424932001804542,0.4592355643152972,1.9831376129670693,2.3284098129050013,1.0763721979165513,2.1255878999120745,2.058186090806873,1.838411415657198,1.713203617708954,1.7847865017840083,1.9231806196844554,2.133314826974467,2.0723559098633917,2.3723012533415906,3.9854730568639765,2.4672804545677085,2.306776240813901,3.273309399828835,3.4321600944239363,3.2394863066968007,3.1887120522771375,3.0834968305747945,3.177267296282636,3.20448145711998,3.2840054019725726,3.2122191676779166,3.2290864609714114,2.310702526052318,2.278211994687714,2.289980859098149,2.3723168870100375,3.007639388473752,2.310006447385361,2.2743206513483063,2.3108892511432853,2.246774974129893,2.3838695779319155,2.5063155294820643,2.2894078889862883,2.417535157652739,4.9411045841815024,2.4540444653498703,1.9104980734435548,2.4306691636684983,2.4400815845809256,2.3808608347163482,2.2836304503030678,2.4197471157032844,2.3380045393418882,2.322906554586551,2.11668231166443,2.3933008015260513,2.1229419343538805,2.4307310679533507,2.5070356915953127,2.3977055168075516,2.2928987172955075,3.3349629688599487,2.433232252755011,2.3813499629495136,3.6981967487190586,2.3243606219597175,2.242247112341988,2.2806155821458356,2.3098197920421173,2.198122715886739,2.9141137067282505,2.490249970854052,2.297565431038382,2.4364414362819975,2.3626297019186464,2.462303803504939,2.2771337731710237,2.0524059820191423,2.2979205052031366,2.321853870474496,2.2921182475015995,2.307841560450487,1.8881746585182646,2.4118729793830926,2.191766581386195,2.341460382533306,2.315589146521104,2.3724340549079925,2.333560433774573,2.4371141313201123,2.3732937094593765,2.38545289183925,2.3131120131896328,2.2938161108693493,2.2842134567324597,2.418938983638498,3.4148160780294767,2.3354086344751646,2.5219215398732997,2.091419774127242,2.2672948955791026,2.324894228121411,2.2850688233351124,2.3832460594850917,2.531126916884962,2.413077766859472,2.427789045957901,2.314884391980368,2.3205619469029646,3.377536656499322,2.456086261295855
1015,3.5453410107609304,3.504235101201459,3.0959637002310982,3.473685312134174,3.50167288444419,2.2124096737373327,2.158095074182568,2.21730902357399,2.283951116986171,2.2180156574303096,2.6407283561130006,2.6391815408110473,2.632308832492127,2.62768593559956,2.8925938076130917,3.1356793095339683,3.2046697661372336,3.196509665084364,0.30811337623108326,2.130374018908586,2.1127718644191975,2.0985437635208393,2.0071238045585504,2.0704819796828096,1.5471384554977157,1.5469869662034978,1.5909091882280395,1.5507363955058955,1.5707510964396787,2.065339039095941,2.0898442365075014,2.0227050898883148,2.0538513667582934,2.0807981551391506,3.018665444546609,2.9779203038833684,2.967712696169597,2.834617353429391,3.042093231285169,3.1588875737763478,3.135052244786074,3.1619224508447585,3.1404264918874714,3.1530718643507534,2.1136845302782032,2.6455426801718187,2.0156930437804963,2.0538860100974796,2.124136137733887,2.0659658376409484,2.0512971662569415,2.3805365359835426,2.057927701962363,2.074733284428856,2.1036483258042087,2.078768604639614,2.0832054940819846,2.0861430868365742,2.077729364283446,2.074940125497053,2.078936262006223,2.075871170467021,2.061775352127069,2.0315716015653975,2.0536829219655437,2.067711694281398,2.0053734701529042,2.042733975355514,2.057284588145853,2.074804771813528,2.036017394097286,1.9899162559613313,2.0554758694716933,2.0331429441346907,2.9489995082386184,2.0769614789861586,2.059208237073864,3.2160745149014653,2.069499496240261,2.0246717529652956,2.0276613916243953,2.1222650089947743,2.0957245337046744,2.03680175111084,2.041961179650796,2.0694885544144137,2.063866707876105,2.0734416272577736,2.0544261024680424,2.0548776293400044,2.0815881790325808,2.069475653213071,2.0417667021544994,1.992225802141899,2.098934841213854,2.1037403276449154,2.081539333061274,2.0489769052090607,1.9955803579958022,2.089401502617272,2.022389840874353,2.073796236126563,2.069734359092435,2.0821466528064057,2.0520864754227626,2.2466256760530334,2.072183436228753,2.0817337585635483,2.097530746169683,3.249224271404794,2.058852547360516,2.049580459149553,2.147795312234908,1.9913408229886937,2.0567728653774995,2.037250666363048,2.065356020203822,2.0661722788282875,2.0625153960989984,2.061302711925424,2.0848728165173673,2.026264061992829,3.0802663762299596,2.0139369909863643
1016,3.393945397283444,3.2487299917547476,4.980119687656451,3.081049239180511,3.144507551097525,2.185711770268923,2.322259282518618,2.232551252436642,1.034005253278563,2.277327370770922,1.9970462806694818,2.1478519075464897,2.6390592358122005,2.6898187736515253,2.9983114967828652,3.263867660086405,3.2343055884935143,3.226025797845486,-0.08190075008922904,2.09688501387303,2.021679423275427,2.0815773613823745,1.5384733069999434,1.302890395444912,1.6457213504767305,1.2733072118803725,1.472692304100464,1.6221216355645816,1.6319814573804805,1.4801223518379236,2.269595249307209,2.2740518232682407,2.0538610928979457,2.1071074169496,3.0093073396425796,3.052337387958055,3.0704438786516195,2.961097183046457,3.0565778929480483,2.6294702700574177,2.8552012192088188,2.7022022192916806,3.2236530225009696,2.677971719321066,1.9989739635492012,1.6844850448577167,2.123623800349769,2.4211151417857675,2.0360089450855012,2.0870731022205655,2.125560205181675,1.805075771207477,2.141254444495754,2.290216018198727,2.1095033595019848,2.092693256718567,2.3293457718436192,2.087847492685267,2.43719450757261,2.1470851892122296,2.271913429384258,2.303486330561669,2.0666867993031226,1.9871767621358862,2.314102552302319,2.054908130653627,2.102676904077879,2.312788205878517,2.3120173322767754,2.085485757363435,2.04319187447572,2.285700884915503,2.3671821891779072,2.098441179584988,2.996433564586638,2.2505865441595643,2.2813030789237083,3.700347813162248,2.0861770783589675,2.094687776873146,2.055570099239593,2.0424968978648037,2.1187542162604616,2.067388042182715,1.8311998693770892,2.0781172652347086,2.257477812073474,2.076243800260649,2.0545179810801772,2.1273131793092923,2.0797303619299194,2.078150406058566,2.1029037484062805,2.2308506775814596,2.0080882660287607,2.083665101728968,2.2914709478019786,1.81567791103092,2.164665061129832,1.9411486472531703,2.043542020585729,2.262358665330987,2.338527752519186,2.217743107471063,2.342923721131428,1.7414779234505606,2.079477495621905,2.2226942148077535,2.242420675134772,3.1828610859062794,2.0996150127959727,2.0360360426490023,1.5360581096177615,2.132029566451967,2.0903676313842845,2.103907994662408,2.0387070044748663,2.2014943561418137,2.276798894606189,2.227933443533192,2.0874185115921615,2.0494892123837958,3.1941259134985818,2.1781807097843
1018,3.055046737422222,3.09301095693338,3.0743041905899275,3.0444313049231004,3.066910300503328,1.7361245411628565,1.8984553980060064,1.0254648791527772,1.7962701367669338,1.7812611528730253,2.1839982055171343,2.221580359339409,2.1890824114764764,2.4686830668867255,2.197989147013582,2.7846283331801,2.786074806514681,2.764264374666829,-0.15847163982961865,1.579848352122304,1.6687540096935747,1.679521081970278,1.724777103019325,1.6576888868683772,1.1101224542195636,1.1178358342013988,1.136497311892837,1.0293928053866783,1.1336433524497502,1.6572114754234946,1.690437633073964,1.412121308224249,1.605652069879354,1.6301983866709744,2.4851539030385066,2.5994199753049108,2.517864182369353,2.7244338347022197,2.59701070790414,2.7191776508816363,2.7429860363573906,2.295475587790463,2.74331463158171,2.708669055851399,1.6339628595768296,1.6403072860334476,1.5332891843707912,1.6686912048816698,1.6139229988157622,1.6401209165352455,1.6404358598159554,1.6446422135728254,4.971118523682923,1.6368159632767947,1.6533818016237944,3.9631060993576543,1.6373039822222006,1.5946567413468997,1.6346673614614584,1.6828704004569444,1.6419392632613752,1.6088587902878437,1.6146483728912484,1.5847977674743625,1.655875882888144,1.0521181973488678,1.6672895934475944,1.03174658963206,1.2780409934060046,1.5093740952980277,1.4552969517902408,1.6481098255000237,2.0214361032085355,1.5901511348391668,2.7014838883562518,1.0546168922551453,1.7310303063629453,2.774914290022286,1.3636657399127083,1.6062435905328805,1.6618407687376502,1.628732176528069,1.7145654671361816,1.5164412875591629,1.5780326217009055,1.6275927000498456,1.0447668253902063,1.5457860464321775,1.5995983584741171,1.6377521551380836,1.5039502550291515,1.6275214103997397,1.5320277276663028,1.742669028224899,1.6473895211570708,1.6520904786656878,2.024952286181379,1.6106641987215529,1.600460873825415,1.5999041230185436,1.5681235862571288,1.584566388682046,1.6350521129811444,1.6256577865173245,1.637008963585994,1.6257390166100985,1.6224898093142057,1.7159186753928761,1.6495062677078556,2.7590054197621345,2.257460626688526,1.595456684977589,1.6064250022220676,1.5354210647764879,1.864477335600709,1.5864250867104859,1.7080847155947891,1.7072069737585975,1.6309829583583983,1.6092036518155703,1.6308387226040404,1.612133673900936,2.769051442386575,1.622302770454323
1019,3.038362470359793,4.941709239950787,3.4218055396760487,4.874934185712061,4.940473417917821,1.8236632952896954,2.6030563562985014,2.09441389607956,3.905953615553541,1.7521443790450457,4.875835419926348,4.884079885708422,2.4821011969436624,2.4240349556708702,2.1959752100420444,3.003959070242727,3.0514168911296995,3.0584603190272803,0.941128385609737,2.198175496528152,2.2943581394776764,2.1656318703334945,4.831211652058154,4.771397430155998,0.9930471480575347,2.350614586777933,1.886201871856145,1.002149253868575,0.996602188391172,4.768828317638486,1.012436991579772,1.0361215500537821,1.7078009548937354,1.9433761842156576,2.9663326017673644,2.8623867857901844,2.9690547342251254,3.505616247741997,3.087886586610539,4.860038322485757,4.8368761352712415,4.800255674252922,3.030816065528349,4.8324013448670335,1.8981632709407745,1.9942982015568909,2.001838559758526,1.0068484553655588,1.010494087927297,1.8548813797615162,1.9963304353374594,1.9155638042960814,1.7095229322972214,1.0266310629256554,1.655866512039109,1.8313507453677507,1.0175772929133893,1.5689600281578426,0.4667926725426189,2.2299409144948537,1.0352256968728528,1.0342714442489434,1.8152738437723532,1.0026132179908296,1.0492327205007925,1.9891173830560822,1.3282506138198076,1.0288143632095492,1.0588991685942593,2.0509573829205006,1.6135747409919272,1.0563889054558995,1.0619667155264825,1.9669792105096562,3.901006009620494,1.0850892060217037,1.090323819246934,1.0911937551662787,1.9579090268117891,1.3008449360121634,2.0296730025806853,1.734860071927149,1.73397226438072,1.6641528612903884,2.385900215351283,1.914787027129019,1.097278601417166,1.775785980990896,1.7249208844183643,1.983572476070297,2.005231335083942,1.9145145126495446,1.746853640813192,1.056085059001203,2.2549635453903805,1.8615249036048023,1.0984115434878423,2.9560641489970267,1.0356030767114168,1.5496216062262802,2.0258216245596934,1.1168011026209244,0.8303433314661748,1.0889685519918322,1.0784887611909517,1.5290534017305555,1.8959212482446772,1.7289518877032957,1.0966189258692602,3.2665484507992706,1.6859354739083234,1.602503216609537,3.9373473665130456,2.071637366164854,1.9394200824773944,1.979913186188917,1.910501116012659,1.0818228601159443,1.0663858515081948,1.0931138441663122,1.879996642262785,2.0672642210515706,3.069777648136608,1.052659372345513
1020,2.586995927043299,2.602601548776194,2.5375669064158286,2.411277739706299,2.4959802047466892,1.9967469667091506,1.4993732405616333,1.3487184253779978,1.259603245058461,1.3796747870178876,1.5416321052422735,1.656838437996425,1.7172653734152625,1.7433596176883186,1.861830733470966,2.3900716661779366,2.3739486375138696,2.310895943898338,-0.6936835488931345,0.044968049369279006,1.2072087139637775,0.7996197708897018,1.1650371351323128,0.9575053221849311,0.7197692728503202,0.6029159657648997,0.6587599865948472,0.6394653906345711,0.7193161520175806,0.9792385786848956,1.1497723802681445,4.001998863063434,1.0290149029164346,1.1942881392945623,2.178511726323762,2.0457808499626524,2.0533755666750877,2.0671014573835453,2.246403481987066,2.0604666001510448,2.1641993344169888,2.197985563181972,1.0447372693990626,2.114583251117325,1.1781717255009982,1.1582963882217054,1.110248197278942,1.3898137939422748,1.252988083049198,1.2037076963102846,1.2139755276124315,1.1458077745769062,1.2061333961121017,1.3561596986219113,1.2814108170328002,1.1884626503978066,1.3411837074834407,1.808691832578869,1.1961973356922195,0.09557685419539197,1.3101041587492976,1.274119954718191,1.0984632473365696,1.147214976213617,1.3245845492846438,1.2573865690489963,1.0480774625863782,1.0791390896322608,1.2469795711698097,1.0806141860071903,0.9572854634635131,1.2095109278252658,1.339013586947293,1.1448251692898412,2.2562477742905966,1.31284250542729,1.2996011187296603,2.549583771924371,1.2672558718608005,1.2425881953363125,1.2607382890023247,1.176468732048889,1.2325158769534852,4.972579236138713,0.8772467702745135,1.174208168154275,1.3268809455180843,1.2846610151078894,1.0207648559911724,1.1807405897724998,0.08335533989554211,1.1738503425747182,1.2225031007683356,1.251524636316831,1.1885115005965399,1.0222905310797312,1.3014847466456092,1.070091924278365,1.2558311649430753,1.0815327956339167,1.026082942251369,1.343910157966223,1.312263964132034,1.2410711736570317,1.320969469646263,1.0399991315452324,1.1845839281783697,1.2793055627255914,1.2947840327361053,2.3206237387584676,1.0470906914881435,1.0617089710706784,0.939153657915464,1.0461289009511705,1.2653490640992922,1.1048858702031321,0.9792689169353301,1.0733518639705943,1.2974763762890094,1.2702054266344551,1.220117692305613,1.1852696875819957,2.337976143089297,1.3257381900025096
1021,2.328558539426401,2.9581975996201155,2.2972021080541802,1.9593178188801668,2.0670541433739023,0.9894565792416254,1.191655276211299,0.9700080531479398,0.6962421308337321,0.7412828074021691,1.0134901032003978,1.2134440568734102,1.395353466483556,1.4283629767619745,1.5319260456657913,2.006021311355367,1.9208394620378926,1.9627213763575215,-1.1485499720038115,0.9109627478622938,0.7965908657612978,0.9296244012132248,0.6388504314735702,0.4563462786392535,0.32373124719492274,0.13071210657246857,0.260363030605943,0.26243628488021686,0.2165678315593884,0.5434112486549794,0.9149307706525767,0.9424643365486369,0.6779152843001814,0.8726168363881375,1.7529797995376042,1.7245960561305143,1.79500610033544,1.710503299332405,1.9472023006891714,1.612536975719615,1.9904152385674074,1.758363487249236,1.8149675449618512,1.6080766192007745,0.8265129744611064,0.7769601134477615,0.8559073198168463,1.0636815968940956,0.7952598707258056,0.8577216385964561,0.8522074955118686,0.8432369816443346,0.8889339040276896,0.9165323508856378,0.8092220090210003,0.8545138150714429,0.9322468609330101,0.8313350653211471,0.9808818045022123,0.9300397262584126,0.8894363948510049,0.8581058229086145,0.7587459767241207,0.8007142289900797,0.945315842982797,0.8028608744724568,0.8953242031232846,0.6689695981790738,0.8072325091894912,0.9008302786639366,0.6580906121510213,0.8486196524707734,0.9430854595757883,0.8314343912097548,1.7643264184845713,0.8263674616761587,0.8872444784466522,2.1636582492264465,0.8722139475027049,0.8932203890007593,0.7755089872955454,0.7918255813803154,0.9066731357807927,0.8805107631403593,0.4546037890729202,0.8344830143871758,0.8613828169665669,0.7884792080039003,0.6825462360012191,0.852270962264291,0.8130048666907002,0.8343451970694755,0.7527514875691839,0.8667170898137069,0.7840401440857419,0.8953076418561945,0.9204761928054623,0.10553827481362155,0.8572447342565626,0.713880054254634,0.7059564848423097,0.9575504389705138,0.924755668246237,0.8629397369112171,0.8621263530008381,0.7355220723732858,0.8387696169217447,3.11353341370829,0.8669998866800677,1.9278093403344048,0.7350418716391134,0.599642549766999,0.5231568630326022,0.8487278872982837,0.8595464237867285,0.8432038555949364,0.7750493468757795,0.787809304674765,0.8391675111321162,0.13069032790700952,0.8471793084259402,0.7818471022699491,1.9299796430747527,0.8476702283144621
1022,3.2073182772146636,2.4812948622362376,3.2763093524397684,3.147556569559823,2.8389075320133372,2.054401480936562,1.9649450691288297,1.9803019930447598,1.029062867268137,2.0626956725340158,1.8224327993897467,1.5966632409384744,2.400868884829541,2.456957452224303,2.161182440663409,3.047415128756899,2.986488085781726,2.969011535827938,-0.12442199080839345,1.5545097056447106,1.8275943573826474,1.6127878634174428,1.3647405531877679,1.249445068786514,1.388291303409553,1.0902333907026456,1.2788870695979615,2.985019631244506,1.5886803897117365,1.2852621303807443,1.9758710965328556,1.9433952492479536,2.1869446647525703,1.9121101872754531,2.7800955769258824,3.1502174019121054,2.7695985147044064,2.650796860446175,2.3132559347636086,2.4834478744365676,2.4890555127385863,2.4760825220917364,3.2046553767923958,2.4839237561680445,1.834801637799738,1.8009599863755392,1.8254607799234535,2.1553932882812923,2.021267699650419,1.8433406355588016,1.8056743774254276,1.83918619481129,1.9351731354197201,2.0287366668089315,1.8543362901796931,1.8336325550164876,4.044460863071227,1.8584542716279255,2.1532930660068508,1.5372964276611882,2.023654306061705,2.003366227618263,1.979293173785055,1.9594615812071887,2.061976463936777,1.8378998797357395,1.920693030421908,1.788954253061998,2.011978636185759,1.5709355104835396,2.4012712395935507,2.282738823439605,2.019896411017984,1.8208147378021842,2.6791910792593505,2.002188430925109,1.9795934928850412,3.4119597202886305,1.8768169201187264,1.6833543597505494,1.855279785974838,1.8102174882175062,1.5947340626844333,1.8508693839346577,2.2190852506672747,1.7767213584762458,1.986480735914705,1.8622853395432175,2.170350810093563,1.7883046538270104,1.762230716494388,1.777138894583259,1.822155432995618,1.8499588179057032,1.807922358618932,1.5935363183359537,2.0634383972420602,1.5290180808550997,1.9158737262243744,1.956045207417981,1.946950205654323,1.0962686683091414,2.067802180095294,1.9831494370656881,2.001623605407627,1.9368760399736744,1.7963778313839067,1.9291481523642178,1.998637150472156,2.9022209915872486,2.205607892476304,2.3773654416816483,1.3954936787167325,1.8088464253341083,1.8485831631052214,1.7786181175840068,1.9978365954459694,2.336214693138531,2.02568979217056,1.9883898170144705,1.8783641851847115,1.7628627203242981,2.9091427788657773,1.9118792734079988
1023,4.268731990993177,3.5417179965734586,3.7167925753215068,2.8883813044225395,3.013498932127632,2.906377677739999,2.5195662088981736,2.6418148251414326,1.9437877497198037,2.7708812380649244,2.2617184976096434,2.3601195137118265,3.0514407996319854,2.925767093843932,4.935306526891793,3.6240456946876805,3.6843352851425597,3.6185726529494504,0.6282471593145944,2.685208742034328,1.0229583923216898,2.6906746819118728,1.4710890591954766,1.5998024042200112,2.122939515773635,1.6208092897231217,0.06220487108895767,1.851208187180396,1.8473395486175945,1.3837573599579849,2.6572726635040613,2.725785776068627,2.1526530180318284,2.220994029466629,3.6740965830152565,3.0728455257719567,3.3765070837443067,3.058883290415733,3.8287143689841385,2.9841095274392897,2.6222093719529176,3.002166855780517,3.1000870729673684,2.891916193880019,2.44711927563837,1.1491153765680964,2.396293809507417,2.590754852781756,3.17439855000957,2.4967580255724475,2.3423970341841254,2.208799837040729,2.4087198331993105,2.739387932429505,2.529725789743509,2.5373145793645127,2.765194324709188,2.5569142783545957,3.015924748811651,2.5274820178546804,2.82693405067895,2.8510308497319965,2.3364352090410025,5.018892912377354,2.862950223297549,2.204271332374535,4.983716419271183,2.6502805098596998,2.9759893109242097,2.6860184951704764,1.8885234002977898,2.4017385873624093,2.697267589842646,2.449163526927648,3.3149660504352383,2.838515927129881,2.996578706817675,4.360575663998008,2.025688705129872,4.988418382296522,2.2548569849977715,2.5149834448739816,2.446487200846029,2.4575662491005135,1.6527447060925358,2.5190183536929944,3.058638951996114,2.525465404035345,2.1438938738170537,2.3458164270995487,2.497067879052422,2.518970698435591,2.493310071893013,4.965615515620591,1.1078867317914014,2.775534995613196,2.684333806684871,2.0921259235664427,4.963755888362774,3.0147021830162046,2.228725018372356,3.173099305870059,2.9049249469439475,2.8658300871539666,2.71336526911718,2.92483987197936,2.5161637160325587,2.4318249030655346,2.795969426139328,3.5751064582025496,1.0803060032799325,1.965135595863436,0.10492126253991285,2.376109244477048,2.487835894613854,2.4710185457004465,2.3518768451202146,2.5631991006341472,2.8082674082621675,2.8776599959996854,2.371229336928169,2.534167756884967,3.673140098713437,4.994934649043255
1024,2.8818867863064392,2.5250268917283067,3.2893795705841757,3.1831831729192652,2.929045206062365,1.757332498671303,1.8347416472232785,1.8755991377142547,1.6508555605452362,1.9486012087969982,1.9547509450748817,1.7419260482414978,2.314702809199901,2.32702979676262,1.9531740133335116,2.8099788362339386,2.8897465550456602,2.853885453253843,-0.24521458652800598,1.4877960373746704,1.7414799422211371,1.5626734519531666,1.445224875550227,1.306472547496472,1.2581860355228949,1.078878430421579,1.1931546357791059,1.4736367100308867,1.4587747761240586,1.390083644007675,1.830666399115854,1.8513865360259807,2.0848225451732745,1.453733373311274,2.6811259088422505,3.0528971032690495,2.514135365179598,2.687666276020033,2.240003791625898,2.520695636772726,2.653373977624519,2.5692647267988855,3.189305378407291,2.5493788151268872,1.7047792434231122,1.5400319248669496,1.5320471812598924,1.92691734400678,1.7164215239622767,1.743972058944173,1.7690307902665778,1.6729476631938,1.800289347541686,1.8490195740686937,1.7944081575474664,1.742867175027056,1.8666793679693914,1.7680951507299958,1.9110770591912543,1.5270509571509283,1.8764345826543969,1.8458142549221552,1.883654276234814,1.6707157274740672,1.8647956779280488,1.7278674897438764,1.8455707102634156,1.5019110623498544,1.787885550798138,1.4889230099588504,2.271262481846867,4.020600465798195,1.9186341735088464,1.634814340858442,3.5788195369064675,1.8706212610447235,1.8505612243831835,3.1189004940667537,1.752805838049774,1.6261842547928684,1.7751489261904152,1.7748786702784618,1.547842495693482,1.7911083423294065,2.2182897505969055,1.6837595880947145,1.9519579867902497,1.7871027297819295,2.0927853846465125,1.7585214511579608,1.6805570448952585,1.6843554542433905,1.7213874487452907,1.8377141054481902,1.7210171182456753,1.5450987898700248,1.6834173791044522,1.5788096522605648,1.7880354736561976,1.6074996766682244,1.7709379031068662,1.717799696072817,1.871215437839695,1.8127717858804586,1.8964130104382106,1.5751206700552993,1.701941973000035,1.805328461837063,1.8827725402154538,1.0356624143266093,2.0412258131595182,2.3455708422100137,1.3205827716101806,1.4708434224407934,1.7300394240531602,1.5863026510028981,1.9281164311003325,2.2614287977347693,1.8555831967838299,1.8304176270910717,1.6239414444935196,1.7123826578638277,2.94123072890278,1.7940170918202458
1025,4.81107916703887,4.723206833674343,4.793128124253886,4.762106659152309,4.754474828576385,3.9997525900904582,3.5049040399237192,3.5403775561058257,3.497649664656506,3.5790284684458467,3.8688566612600055,3.848265606386638,3.990876988372578,3.9957493320534065,4.010232810984178,4.570072155352742,4.5448780587182105,4.516188405687997,1.5917497013602042,3.4338182133999418,3.4131074214070116,3.4002429619833743,3.3065993644840272,3.28542358909416,2.913685780218211,2.8420607276889376,2.8676226333330863,2.9109110120607236,2.9192431459467016,3.275002982715316,4.036024304278616,3.3762960883909976,3.434717118170555,3.4171775406896403,4.244614241542951,4.399536458835293,4.318917552761715,4.351520421533329,4.338678283628979,4.380938707014288,4.3806617110340635,4.405540117344065,4.493895320011527,4.4076341974603235,3.411371910741563,3.3962902842441336,3.3779429163174353,3.496377198204197,3.454286408248663,3.406243458910165,3.3786468460496755,3.4359407687630164,3.429472792257684,3.4251936220487824,3.406168265054492,3.4195563027756286,3.4510426776792116,3.4330803993301453,3.5182100580327296,3.385316616632129,3.4507048688115836,3.4735631365320954,3.4213922343729104,3.432551812561112,3.4505031693227304,3.41182229119664,3.4411210358339757,3.356815657740425,3.4312603325917985,3.382135945811248,3.427833424855791,3.448873002943106,3.439253183533329,3.37809480660001,4.424569207540204,3.437012378328964,3.387555185577047,4.678606390478384,3.4175373120125494,3.4139050931642885,3.3610719679400454,3.400271445233889,3.3946207321426938,3.27090770217934,3.4098489039455133,3.407827763183078,3.378270296912456,3.4055050351245297,3.4356255733875765,3.38378325446348,3.42150189555399,3.4078144783432407,3.405162069431948,3.414452669447951,3.3948612592473815,3.400223878405475,3.4615123204604172,3.333493722798056,3.443286981777124,3.390985827190799,3.3984360758956713,3.4455907316144394,3.4709994701645375,3.434124513616079,3.4349726300258485,3.368715503789681,3.4105508029708558,3.421845469443162,3.442016709935073,4.540723367908254,3.4144948506563866,3.4205722766232833,3.2958295219870433,3.3609124481625354,3.4107900195510634,3.382749555011955,3.4299908707849367,3.4716827552796516,3.4517909407641802,3.4530262014924764,3.4002185035329973,3.404147507753855,4.460904908177422,3.4415924229150567
1026,3.40864399369418,3.83460520103094,4.050570550139338,3.8210362665190702,3.861631733817786,2.291518557237369,2.3084191129074876,2.5633177593072505,2.5686049063124026,2.596171109349477,2.9531497052940145,3.00712608755992,2.8868897682027694,2.9948728328688623,2.880258908952635,3.5918270093505935,3.5539577390977835,3.5583640383890316,0.2999295655259808,2.3145232354263507,2.4317458022823146,1.0268646586650405,2.1454816697896844,2.065663169372053,1.924686767838258,1.840790176904609,1.9081621499980315,1.947452542462442,4.965881123080049,2.3287960261119514,2.482436491343333,2.764790839690587,2.494638879374805,2.3921996621720654,3.3819359954963133,3.3315275027915794,3.30788273425465,3.3676707679335918,3.207720398826474,3.3373621700784013,3.744443385777988,3.4738003210059163,3.6462315777542753,3.4669167614877767,2.431271062906445,2.429971148426941,2.349159336358446,2.3826934999551943,2.0091735288955173,2.4194055935652914,2.532858503095375,2.4979390521053704,2.4761329841800874,2.479386862749572,5.018871789269887,2.4566147642898066,2.461997024823143,2.6588769978627536,2.4738461660511453,2.3961711047243046,2.4893002149681696,2.4493692411818726,2.4350697085816284,1.0725757620258318,2.357868350933364,2.1436333140372295,2.3206866323744935,2.1164666850009795,2.429131816674861,2.3281158326198375,1.0867141323929788,2.611743130683906,2.6232222534469276,2.3767355525724803,3.571284759914749,2.4695719793706257,2.660406772146419,3.6427346992716734,1.9729762109075528,2.299418188679981,2.552390674196819,2.5128645190860643,2.5293081033937614,2.6625893952409454,2.506283242928107,2.3815389356397834,2.463001271562981,2.324662337501624,2.466247474748797,2.49907976370673,2.3352176567619356,2.381399739851495,2.393502105791719,2.7439605471999746,2.4239370058281278,2.4040218503348028,2.451658478696795,2.446653851610983,2.2928982372524684,1.860537136085723,2.4056287389869446,2.406429825653796,2.464273600567364,2.426613033285781,2.605369171156969,1.9106697360331086,2.3974867479574886,2.3716133288642105,2.4865773478439275,3.560157492422382,2.493308805465171,2.538105696101211,2.47111674118126,2.3110227128684127,2.4369467624360173,2.342485838676649,2.477731627531682,2.573120057057894,2.462946122508293,2.4701229459998935,2.428925933899051,2.4520140706573983,3.6418111039009013,4.046562137594077
1027,3.6674419635938067,3.402062800503807,3.7199493096505885,4.161708262471841,3.8374364258605675,2.517508969924375,2.4631044790699352,2.508307451504815,2.5965438264784027,2.444441268077007,3.0407780913220175,2.76862873216147,2.8602418192594374,2.9146554087804097,2.1787921610180083,3.4232854467558336,3.435778627234374,3.4266356812031242,0.64904302037885,2.0938003296967405,2.715917483636645,2.2110719224803628,2.746273650235216,2.6635227047967076,1.708805635528215,1.8477794252496504,2.2975619251373036,1.913003004247387,1.7435789664415313,2.681414730280505,2.1154038998614966,2.1632803135195795,2.5514382460458043,2.338187087949004,3.380334315451135,3.5901491046049503,3.2498971487487602,3.367793973731241,2.8607017618413035,3.5482677470896804,3.4845554521960684,3.5650716040952926,3.568137092329728,3.5372000485078825,2.2923820913879043,2.623090014696884,2.3044308057089222,2.376156580791541,2.3006434383541134,2.2848079281714084,2.260145001449089,2.3481163506314076,2.1021702542932785,2.1795901062605045,2.1245578839554877,2.0851736643010703,2.2121974190766576,2.284591753762232,2.1251720686385838,2.045248970075155,2.183757952173664,2.1810501756072154,2.389201530132387,1.8128050043803223,2.2191584100891943,4.023317030796441,1.6551458129782382,2.014819418518228,2.1489122650489505,2.0763368044999413,4.044662706719406,2.4162978220945157,2.1119134682255334,2.2922306312725387,3.475846450292214,2.236506094347578,1.0781339942652868,3.2028255698953227,5.013947486753821,1.472978469165066,2.286293323345954,2.250824040025382,1.804880822041159,2.2588584219068575,2.854873368691508,2.227298417016014,2.2986397725390053,3.0583365698831475,2.579557496305208,2.231206036031394,2.237621748613145,2.227741217689296,2.2655282368415697,0.07962405724393767,2.673694610672374,2.0199158174940695,2.18858424142463,2.3013497098261393,1.5871492003609098,2.3414075800017136,2.427993707552066,1.9276522142478765,2.155521431022599,2.1596916015677916,2.133564703756571,2.3350451710409534,2.2510370440790046,2.296761174794079,2.1907155407266465,3.4441855177743115,2.642164750393433,2.764862758568872,2.8720580166296554,2.298294263200779,2.3266266698155103,2.242491492805571,2.451844437843019,2.4890521895351396,2.1879207579117206,2.1625813882573053,2.3136520629602173,2.2533517323360646,3.29867000292883,1.496710741012879
1029,4.817436338753288,5.0768842552266795,4.901606567667063,5.136777898789668,5.0227578360567176,3.5164356377612753,3.7564881833999477,3.539604170228226,3.8367465204467717,3.507635978559878,4.393318133283101,4.382703069963794,3.931880811404698,3.9721137961883985,3.643526959645808,4.516983894011981,4.507597761806989,4.523033183382508,1.7623940622778043,3.415472127204069,3.6166042854258205,3.382534393080366,4.032404794241009,3.957098971318728,2.7626386177478404,3.020351271226808,3.1500858356380643,2.782892697053123,2.857269850806458,5.029904141025351,3.207864602621937,3.212294611250387,3.3353320586694126,3.3899954018407303,4.3147666543141865,4.344433092612453,4.361932079521481,4.461697316130164,4.352078414408956,4.7944529964597695,4.828679032352616,4.837498430026654,4.463349466268198,4.807637571760129,3.3870464732597254,3.492033198809702,3.4085087709215243,3.239158055240093,3.2208499241763473,3.369604093234022,3.3966831974020533,3.443461030235226,3.3725765892562674,3.204778101381801,3.3655772131622816,3.361836672961659,3.2182899603077395,3.3495250554462253,3.059482667337937,3.4151903292102777,3.17246780579846,3.1406115872342797,3.3513097761617914,2.9020929584416852,3.188522265374165,3.3959281610244068,3.0439634892770466,3.3866653085306506,3.132093481751399,3.390048641181264,3.3210226035359076,3.219421388020298,3.1759266848936045,3.3929934815237566,4.667117503152417,3.168573679646153,3.164713784106773,4.0828869319914585,3.4379876919969714,2.9096888899379696,3.4629229518126987,3.2945075434540287,3.329161722974936,3.3655267643251445,3.456158402966511,3.3672642480482633,3.158338747067999,3.308695703910587,3.337880031869334,3.3868418502558377,3.3779095044793586,3.367166125390095,3.398798816532449,2.8303236561730065,3.5696481507451736,3.3039625500285252,3.184615603219128,3.5632619384934854,2.8717225483777034,3.321473379293348,3.3761807620814954,3.1526406980448005,3.129112331996847,3.1562784576021254,3.1869778053163307,3.338437081894523,3.375899100761081,3.2869400965907465,3.1723891679717813,4.542657925995676,3.467959723897067,3.319089942996757,3.889378726502513,3.4227002407133504,3.3832734046815576,3.3869825148486443,3.3448513786924963,3.125997389010899,3.1896514816630477,3.1753177217837276,3.3735250975570867,3.3969349883047446,4.493349205100614,2.932201340543025
1030,4.602971418189785,4.536875390665255,4.642131253296749,4.671609349659622,4.591382726075134,3.4146599572238268,3.589550967585576,3.2729023898176814,3.3420700641615593,3.3931420320699504,3.7485294127418998,3.716445559210548,3.7788065840496285,3.822312614012318,3.7066800348580675,4.359728432655762,4.363201629989332,4.357576977331394,1.437421018943847,3.1587706393139587,3.2465440428109456,3.1649493661515726,3.4329989812168398,3.275182134346498,2.6951012964898196,2.6808887015630916,2.710290332646979,2.7200406225729727,2.74824607137289,3.2418845399837677,3.219905153611123,3.2989718169318185,3.233259837287828,3.219184540544623,4.161046617673307,4.262341578629102,4.174195190671268,4.2083788824867145,4.1024924281537185,4.276714691337602,4.2767970308007115,4.286710756072058,4.276411508303491,4.287518886541222,3.211911160254699,3.1516087739718492,3.221764060638973,3.332658489000982,3.246905683822227,3.213861022670554,3.2075794500969033,3.207934013997687,3.3910412708944677,3.2348567319468384,3.1992160866582946,4.02516793359272,3.2539759991151267,3.254764970055612,3.2208601100366954,3.1372511749964236,3.2186789063335843,3.203827044738043,3.212973565141059,3.211781866611584,3.2581191576423016,3.1643362051678605,3.261824876219936,2.826162482435599,3.187378226863769,3.0559047164729596,3.255521720654517,3.2554306275073195,3.196266814219012,3.2169618154671635,4.334553920632175,3.1171491199283015,3.2000378585477316,4.370896508033576,3.252543897426952,3.1287815454302224,3.2364413225326416,3.1540362430436066,3.1121872795192242,3.31899930573436,3.232419397148093,3.1956378348606314,3.1310664263572954,3.2233514266714733,3.2244299353092685,3.190891196011978,2.9517785222011215,3.196344372254841,3.218651793083414,3.1323150194295146,3.226281498528632,3.1252782457254407,3.20169258576769,3.1793720339710654,3.193503532319041,3.2445026206571774,3.210464291361778,3.1748181625026444,3.2190468075305847,3.1754245976207622,3.2100256280862287,3.2283837733172374,3.201157686429625,3.215279964948515,3.2088326396225817,4.3332992213359205,3.2701756741751007,3.2417615724694393,3.129571436370825,3.220248944917171,4.9766112370528,3.2008861954649603,4.015862713491054,3.332281676078166,3.219937391096204,3.2113018409602705,3.2166965701134567,3.1946578874888893,4.293137950996758,3.216532760216359
1031,3.6091030414169225,3.4481839053360925,3.4973756831568785,3.9898232546708794,3.6504363166213674,2.302940018394822,1.0242515347924919,2.268860558227023,2.2713583996114606,2.307468382338965,2.6785655465944362,2.667819742205493,2.720288120414199,2.762034153312817,2.766967516989575,3.2598924295751273,3.9660290438427843,3.252378597557284,0.388964807247437,2.1466245110126665,2.117967004108141,2.1312969918754363,1.2197104483835686,1.9002593399741654,1.6110356904191494,1.6092970538386677,1.5676795334146683,1.6947494831284804,1.6377848511313695,1.8716167770550687,1.9811999220858754,2.1281353806066803,2.1381491237111008,2.129512903910589,3.400628872640895,2.723261620321757,2.993628688487373,3.0296727457636643,3.0410045739665654,3.2413226981887937,3.136234574612002,3.2407743258475628,3.213212556155068,3.2062613579742782,2.1253801226399407,2.2831130402490043,2.042429377582162,1.7875239195381458,2.192915213294338,2.1185981944908576,2.108177711822694,2.144738192952451,2.1463662053815344,2.0442310761171774,2.2989419847903534,2.108334620433755,2.1274697410344943,2.1219948185052453,2.135813690907778,2.0891051861413543,2.1522954641869574,2.09538201734697,2.1218207542664103,2.2229437525346327,1.977910420598791,2.1334214126450832,2.20596326499083,2.0450744182696785,2.3396853644718107,2.123916347512819,2.1550995369203125,2.1303223705830545,2.1102091624698023,2.0715475564360886,3.2216003292079565,2.1516577143053066,2.08704472385182,3.2862517239674705,2.1376275834603304,2.3010928601953045,1.9841620019576816,2.332313228760076,2.0047673292370614,2.109959437545865,2.1507801993456277,2.112295528690714,2.3267782034805617,2.159048025932929,2.133490023197113,2.1033002660106477,2.1410406263023187,2.1123758779351163,1.9671064909850768,2.2554988886460285,2.0982248878557317,2.2745263627849743,2.132401634946685,2.1434947990900484,2.1665621568869575,2.2215726541485816,2.0830451087383266,2.1347736128090156,2.1385310331535714,2.287668466511408,2.134845483584787,2.2367193051048297,2.0878539947494366,1.9723762864767487,2.1676896478727965,3.2617268460203515,1.9333686587646564,2.1598416197133448,2.374834736274675,2.0015842192698305,2.0302545986038014,2.0646669585742785,2.156842277836842,2.183953784145588,2.0784863451089723,2.1901888898789554,2.1466959655743048,2.0920837832649766,3.1904771767171654,2.18623546340172
1032,2.8933974478083373,2.223680267618355,2.834600539395505,2.8464997975901474,1.1180181117349124,1.8060528008119416,1.7919883495354776,1.6515278997095384,1.248284266312046,1.7729711313358483,1.517188383167943,1.3488273671340365,2.0401510990808904,2.0021561196457283,1.0521998794944778,2.6793802431233216,2.468131974308211,2.62409531906446,-0.3484052955410406,1.361670792947522,1.6096975877753215,1.3401813240824922,1.1163664253741081,1.0544536415249457,1.016219056361228,0.7571830747615726,1.0919685208697463,1.1724675018519968,1.1624626762704928,1.08851464556626,1.6140578812144786,1.6085557443824396,1.6770766818702048,1.5474892259609896,2.434257822895647,2.71250023533375,2.4576638359360903,2.3460102198068156,2.1755913203296307,2.2195999934122934,1.9253783506626774,2.990298392160134,2.701557353340784,2.1436169459781214,1.4683477789935355,1.352865257982685,1.5194250030900847,1.7112114147572193,1.7989694627886887,1.4281829427827502,1.4380813023417374,1.3727293070978628,1.41138898836134,1.6069088561101657,1.5234240070161893,1.4556555302387508,1.6451097170922973,1.5154956935416104,1.7321145391700474,1.284247601132254,1.6078783262415217,0.8435242651936752,1.5633885123934208,1.5137875242257852,1.7130703201821804,1.5214879554006204,1.2939030201884245,1.540701739181591,1.6996588229319438,1.3278697864128763,1.8767740541918152,1.7698347957221272,1.5793594791557464,1.4933058823801102,2.437256429187326,1.6049751728857644,1.556495710182185,2.956721561366985,1.6097970943915287,1.154670659273828,3.6204857294744457,1.4470846366494485,1.3376205627090734,1.4719497016364032,1.6195452381905713,1.451233228328201,1.6060458665045583,1.4709125437983963,1.6724901182850291,1.4378678216604937,1.4333721737432952,1.451572544542024,2.988512917678783,1.0523493824952932,1.5697390607674269,1.3333751556400206,1.6476471724060806,1.2514541428236092,1.2921721814817904,1.7476084735739192,1.523341530495431,1.461126457191884,1.6540860490501057,1.6211209077528999,1.5966498614004005,1.7035359821866236,1.4546651775131174,1.2689787964911003,1.5832542872799502,2.55152138739458,1.4827664311879416,1.773713990297742,1.2167154279053771,1.5115515246007836,1.5183856182334745,1.4714557975337392,1.5548657730097744,1.7534401043872716,2.04459270371232,1.64631403996977,1.5157986765401552,1.4441734974098743,2.54648957648817,1.3200521913184184
1033,2.8611002062681723,1.0964389842314448,3.613213090819899,4.964012936396749,3.2031016707266753,2.370742919533125,2.035131908545954,2.309228302640811,1.9818142869184594,2.525534468827389,2.1015035048169866,1.0539244509870922,2.7067666802452743,2.923866935776723,1.0363270082773361,3.3876253185309078,3.316529731547217,3.2774324557154246,0.29314288910302055,1.055021976785547,2.4249675256407115,1.07045543773688,1.903169214736434,1.7870093144377397,1.6837806983054977,1.4977922917067097,1.9541951326110298,2.980820954566732,2.9818516028841344,1.7800318785650946,2.2363317488138508,2.214223965763054,4.007491865839848,2.2699222132520216,3.085911569981114,4.969631387189047,3.0432697905432198,3.242686973924876,1.0805590586777882,2.912874457478016,2.877480965042828,2.7739566546856973,4.960585776245901,2.9577557758832445,2.153982634541046,2.0753621233081363,2.1105241035469335,3.0449710901450593,2.2514826145986633,2.1642842641083293,2.1444563410341106,2.104104611726063,2.285045643626507,2.331304837464915,2.2829475816585907,2.045325754284908,2.556907977622668,2.30788333741482,2.3523537040543956,1.0871355594970504,2.280402984852625,2.248327841232904,3.02321930754748,1.8468127407863268,2.334198921650542,2.372702920274616,2.039874258313693,2.032894318167504,2.1362374131594937,1.087213452494514,4.950025215455312,3.979492767573558,2.2658945626284344,2.1172575014931616,3.2387384443469243,2.2896831212413598,2.0060529917620693,3.586087148800867,2.5510983253365143,1.0694735054650213,2.200865017937994,2.1033446645796845,1.0959106376939558,2.0970634433310305,4.954215501147318,2.045401835751834,2.2351470888772744,2.2199693550271715,3.9823076341898016,2.192557337113946,2.045943831784037,2.0478965598627155,2.0609864678558405,1.5051986851977064,2.380644858975578,1.0892451922550874,2.3216081410019855,2.0700726510066056,1.8116995776194922,2.2642417446592726,3.031476458653399,1.1047593235852744,2.308668114148424,2.222296671993675,2.2846145913512528,2.2134104417142524,2.067128944497566,1.7304740105121392,2.267895863092779,2.8707980260840342,4.027653042325828,4.946823366300646,2.1147064447446127,2.0778741203001028,2.050109477536941,2.0441628495057067,3.0256361731899077,3.982033761727484,2.294170673543064,2.42587811585867,2.2241507295155785,1.8775056320325585,3.0349884074683042,1.8860456469452114
1034,3.591932101103147,3.307219552809906,3.5137771636004533,3.331949261765071,3.3733959555555284,2.3179785872863565,2.2240172035899617,2.253990561047038,2.0212553956538963,2.2920373335490947,2.3644735818013265,2.356239394524282,2.68593070000253,2.745970826502838,2.707116900240447,3.254362547763457,3.3041495560685092,3.2475459361083123,0.24584156105792232,2.0865524561058337,2.1003421058412024,2.100658817046705,1.7884519865401454,1.7864830405806962,1.635533386660532,1.4616746717357925,1.5508148322182673,1.640095257223414,1.636031049656421,1.771871918213594,2.2183228205197194,2.17133511337599,2.1426199047229715,2.123535629637357,3.031426863194197,3.085002115289614,3.0556832436282066,3.0159648870007274,3.0177563173825432,2.968508071643489,2.9524366390916317,3.0026715669032824,3.2034772554540676,2.963656031364196,2.109918199005385,2.103511030426668,2.105831931766816,2.2674032904176897,2.249270073789682,2.111019350009536,2.086254436446233,2.1116850626539874,2.2042179229963503,2.224146120781502,2.1244852084087977,2.1319105137011656,2.2142250407355637,2.1182502792561273,2.288605456350389,2.0545562523572687,2.21380019007789,2.3224620812739825,2.1225530943324085,2.228254849046018,2.2239990113210477,2.09053328383372,2.153330599980102,2.1972481702225277,2.1990848551631705,2.0802628963860395,2.170414190580663,2.2012457057895256,2.1991588185214703,2.1034072339272973,3.078422367038332,2.1947321666234334,2.1956855052812188,3.4958611057477094,2.107423624245571,2.1373610905572025,1.8739677633187797,2.1182682477538926,2.1081644275556606,2.1075183340351757,2.0595085833001225,2.1036426406883177,2.182487812111601,2.116177867274094,2.1404369981889886,2.087071731987787,2.098728430971613,2.1036709484090887,2.0498697966385877,2.163280598824248,2.0814303831152587,2.097020045665645,2.2177114667535847,1.9506031171450484,2.1824917214503614,2.1983425870516853,2.097342478469694,2.1885879982173284,2.2421851933664203,2.2069629035489506,2.1909148133620366,2.2008704499600458,2.10760471372227,2.1675919311900893,2.2038624220930325,3.2322861844732107,2.2431927880868003,2.161609589837672,1.866639081359169,2.097096715234672,2.10914623655825,2.0999400898610716,2.1159718377027743,2.2212259552505955,2.187641662295703,2.19261320775718,2.1199496391172805,2.0696630527091475,3.168405089397454,2.1751424321679664
1035,2.7333471272196146,2.4459286371042186,1.0629169860182262,1.9332531900127723,2.2206899752711067,1.1725889818972435,0.7764508766867417,1.1296647541872196,1.0286335723385467,1.17976892581669,1.24078239365214,1.3431636128943851,1.6012464523858947,1.3639880468114431,2.963459918984258,2.0421839365476493,2.1254245120867727,2.0954315972090063,-0.8243967422036187,1.2119269776845054,0.8601443708231519,1.2189198032372457,0.1992614131651016,0.5116739381181761,0.5384057927300383,0.3336298758046723,0.31052184385527215,0.3889123915285426,0.2964400843603354,0.4148619407491875,1.1608109646314215,1.0509393619655212,0.7648014145005755,1.1036660855057816,1.9790040093236794,1.5449548288194181,1.7991942414357616,1.0344498745206723,2.240743587177436,1.8166681066781543,1.6881514054126323,1.909055577179168,1.7759846075260186,1.7888565477062999,1.1520921772829542,2.9525831630989585,0.860358681003953,0.938458054612739,1.3470865124196987,0.9944836707759643,0.9154656576448228,2.0759132722712517,0.8522892845549488,1.1498759864036474,1.0418944081416002,1.0510559112177922,1.143135082463571,1.0537386434228266,1.2512008729960793,1.0650644196276584,1.163107381770823,1.160547578320315,0.8945238853016932,1.3459243974274582,1.065965154073683,0.9822425676881452,1.1199160881490084,1.2262498630557053,1.1871764683497457,1.1340546760350771,0.6758578890678923,0.48038297364590166,1.0897655491594467,0.8998926222279513,1.0310463109688688,1.1709141063852462,1.1372695889563165,2.46704074120956,0.9594901795131716,1.3322640372583376,0.8289612238221866,1.189342338378117,1.2453848052935044,1.0419321531665675,0.4967133668417608,1.0233698459736522,1.1345931204727076,1.0437335111413724,0.7665424290432128,0.9327280245580662,1.02062446956919,1.023145074263312,0.9433217375684211,1.1864623232606313,0.8799434975096077,1.274622929507021,1.2281144155546513,0.8065265970446256,1.186357518157572,1.1575346991238717,0.7550722002469636,1.2738064111107503,1.1750049057703542,1.2033732604899776,1.0776109506590297,1.7119013846836442,1.0318996207893236,0.9978216568165736,1.2075212484870486,2.445276354660625,0.47561422623083727,0.6424771814381036,0.8167255233020021,0.7838975287461842,0.9057264518991794,0.9298163769869605,0.8459372254269493,0.890636101830149,1.1138422215457786,1.135782760988048,1.0830662444046157,0.8704495929146776,1.9397311560465877,1.13888678995917
1036,3.2258389015898965,2.39345097630002,3.49149894762337,4.946651998550908,3.0072426610926177,2.241275222184812,2.4084544514535757,2.1557070212346545,1.6671868548252062,2.2934949517677445,1.0237560794283675,1.5587489031815351,2.5678602502071914,2.6756777412739923,2.1614377376548086,2.6950641800692887,3.0855474801273686,3.1432382117919997,-0.04095073553340445,1.6479292996716453,2.0491143939633925,1.7062895565127638,2.0119037090900003,1.382921264070855,1.5493293723395996,1.1747653749034555,1.5219123374027286,1.7304132502197762,1.821084372426106,1.460082425856123,2.1979651755839633,2.035753340113592,2.47601652665455,2.183210166658844,2.757462281340144,3.5777422586734144,2.96942016843192,2.8483517942859256,2.3166486485707307,2.488476133715578,2.594964525663313,2.4747324120684784,3.470144091140237,2.5844996939551845,2.0057787613141467,1.950010902248421,2.069049585023551,4.9381790166178305,2.040557622799296,2.0211634860637853,1.9824909740929098,2.016353489714389,2.1313977167581557,2.995356292100222,1.9451292596112766,1.9740376445920336,2.223508532627052,1.8833758309019788,2.3328703041484316,1.6053452719770211,2.1843623753324,2.0946106566930442,2.2001722416277296,1.9862495885822358,2.2814949890532645,2.0086958688499954,2.0493783818335136,1.8754144604507688,1.8856511815148496,1.6481494028208683,2.7502026685240972,2.5501439131900403,2.1951072949143366,2.0087243225773683,2.838054527696666,2.156363879861956,2.065316348947212,3.603406076319055,2.0876855942978385,1.6426266594262988,2.0017183632136573,1.9697866750059503,1.5790028876697886,2.0779695371372204,2.542438661907129,1.9260635626261329,2.0496654949001742,1.9891198184728074,2.460522786456522,1.9573009274004884,1.8977665753666768,1.9262761566719702,1.9139126474776096,1.8697647445212846,2.0294133943111476,1.5658139902163468,2.288431246430646,1.6338443011256527,2.0225063113729065,1.9837320829735456,2.156754573316027,1.8354821503284118,2.2452503876619896,2.0285303169382014,2.186928679754368,1.9887679421657087,2.0270611639322045,2.1444080638449194,2.1728609406901715,3.0721109671664553,3.360015733789138,2.746283943934982,1.473021104252518,2.02570623101017,2.0292071787447723,1.9473946570990393,2.230725629097383,2.629116802858049,2.1850313228271188,2.1379086773886664,2.1068541981940516,1.0497527365561943,2.030172964168565,2.0059146774524557
1037,2.5364944287628663,2.623961026202461,2.5236609832924946,2.6301867561696306,2.45585632746069,1.2892046771181782,1.2538105630240488,1.2913657259183742,1.4286451732142051,1.2408279976245353,1.9014680217678939,1.8751277324776614,1.6928371889219973,1.5795723774345516,1.5794381622572071,2.2441425693744135,2.371591280005098,2.256061966948968,-0.5521346222316581,1.1765380152207041,1.1730948211081054,1.1441911519566803,1.3449119581113198,1.3885844827616092,0.5618246085763721,0.6789378640909653,0.6471665402210931,0.5997168799531107,0.5941145718344201,1.3479399729119896,1.0243699630735017,1.0694623294350964,1.111161003349433,1.1157797354697665,2.113592258620818,2.060925194785759,2.065421425024483,2.0388755721294602,2.0815310497699473,2.377857737456572,2.2809735431046274,2.9951535307828254,2.2034107805949033,2.3638221384530027,1.122020806763545,1.149898874331338,1.1109930361733251,1.0640445584840215,1.1214256788374894,1.0751266312532903,1.1080074128663948,1.125897177244837,0.96170794730151,1.0620242203031356,1.122032891239502,1.1005302860490322,1.0442677809423258,1.0947805720372144,0.9844531420042093,1.1178491416810938,1.039575156086758,1.2177902977084145,1.1148641663404566,1.072596518942533,1.0352067421954343,1.125252916546475,1.043319931898054,1.1056161386431322,1.1334972126163472,1.12354144762903,1.1027166114679645,1.035322753693676,1.0235704100744563,1.1126608938014606,2.2854685172229203,1.0570772671887012,1.039360540773145,2.0803289832858436,1.1131368413515832,1.0465981264779065,1.0304058332978856,1.1112229840848846,1.0729192861968528,1.1031829249150802,1.1737642459255528,1.1177231286084435,1.07687045903587,1.0988538524091032,1.1127743107824577,1.108521470919846,1.1205423018843244,1.1177178285740743,1.3322421508029387,0.9913844465324815,1.150748936750521,1.1141015124489317,1.0461185293332582,1.206292828822545,1.0178117611481843,1.1558935529116583,1.1195335564068,1.0428846048819456,1.01811106108016,1.057206484715392,1.0142026295763638,1.1782646630764149,1.1325101357617806,1.0205790121304548,1.0421740570251539,2.2785750236973286,0.8855539168062243,1.1079297416923473,1.3058609013190388,1.1091999045141916,1.1106055564426078,1.1142991620125928,1.1122480346677357,1.0379166222598768,1.1065231737744285,1.0566397288377758,1.1159047580945514,1.1318362309006316,2.2145386478699454,1.0342528312087615
1039,3.690573745158005,3.903363926142423,3.9893012733637363,3.8401334283559434,3.959183218900151,2.447620477596936,3.977870934769814,2.6050541848635094,2.61743177907245,2.6352038042383805,2.8402451415903744,3.040978928309365,3.064114240498841,3.315965371626557,2.8803421852546727,3.713372714815582,3.5434373448028684,3.6202461330838482,0.5295222714647538,2.371156914400002,2.661432966182704,2.508396103287388,2.64091096416274,2.321215523376876,1.9820410511415216,1.931043491435651,2.18367981400909,1.798644957262569,1.9833211351680637,2.431658566681415,3.983044545152021,2.4095194761844323,2.4787271831650615,2.576734856489972,1.0400812739187937,3.471775794868071,3.415058069758039,3.52346948422854,3.407885163141341,3.341746901493652,3.650270517330339,3.024519489165756,3.653629437272608,3.498960870865638,2.4827269569814456,2.544902597424041,2.4639833069450368,2.6966319372030743,2.238531890568339,2.4889527472330433,2.5415850489165908,2.502277205592593,2.8137474994377127,3.011973075179752,2.402226938798786,2.5355977653534447,2.50670846744442,2.450462314315392,2.5783601907546956,2.5443476384684356,2.538243348444237,2.5422482845800025,2.47256357667569,2.118208137338766,2.5395594093115235,2.399161148151831,2.220528958417674,2.5606834088328267,2.0891299860332646,2.4776640178948055,2.427957372064823,2.5478179615752437,2.6126595220087787,2.469512198013068,3.4928856035074975,2.4980679412075526,3.0104905423014343,3.7509805876289217,2.359780117818662,2.1465323614236294,2.5474726807515204,2.360498450324653,4.95850822913202,2.48449874593528,2.413567200355166,2.472444845233852,1.0475166487960812,2.480351871667059,2.4579007212507005,2.5385620643276705,2.490342208441753,2.4722497043562517,2.3984796998045033,2.387180076868934,2.634519102236459,2.3896500671945375,2.5779299639197193,2.4549050867933797,2.2743663536434697,2.25010745822259,2.4582290837738214,2.4831119362993856,2.548487029409282,2.4087897066394555,2.603142671280183,2.2670230982682833,2.4167973829549005,2.5648929186314744,2.5320126602724238,3.6433728842417237,4.999282713611331,2.486203206052782,2.484124679657653,2.4583431701709926,2.4928586732839104,2.456360437281306,2.4778153453985863,2.508056753866131,2.5316070956729684,2.512189789626542,2.5295636231670016,2.3376218945143887,3.535872689616535,2.242148626400203
1040,2.9861338137152007,3.2291105638450777,2.9699962379452165,2.2673077095473326,2.88194406586791,1.6873139210856107,1.6001503607266054,1.7544008106704088,1.514453871544928,1.6724895050532005,1.945031921631232,2.16973827778532,2.308444467634448,1.8247278082569127,2.18736839508599,2.6803783274318547,2.5709455322109176,2.6547424021841115,-0.45340717039024936,1.6381290472890844,1.6807906241777282,1.7971351888907843,1.0460693993127195,1.1091465078298999,1.032619618062674,0.8718175896142919,1.1720072196631806,0.6863801122457003,0.5602496356939035,1.2709562519536584,1.611528957023984,1.8621173157598845,1.1312709936330267,1.4599867660251693,2.4126608285795546,1.997568673095509,2.546411250444487,2.2037351697352734,2.887324864223545,2.378236808622744,2.4775573089738985,2.635133104578755,2.1780853970215945,2.417684618474816,1.4975587016056457,1.691229431911403,1.580542529245935,1.3017196560581445,1.4515034455578224,1.5008586699321502,1.5264876515986328,1.4726861893409189,1.057348512752633,1.610610663089565,1.4646342605548783,1.2387219478293954,1.4755607559640058,1.3840737741769717,1.6598106946684066,1.6335710968326507,1.587257452470337,1.6840780103933244,1.332973219868172,1.2526763888508232,1.5514619605339504,1.4897827924238038,1.0596453989876493,2.3054687403750402,1.7338229093658066,1.747246787238562,0.9460526309464186,1.0920113787384707,1.6444113803436613,1.5543325636004819,2.401129154171784,1.6640592509914178,1.6995959984123634,2.873392767982143,1.381355065813028,1.4196084014927144,1.4006901347195466,1.5204752456839707,1.9111949170436286,1.9230886680670851,0.8346117099012158,1.5344267720084126,1.649542301300956,1.4748670927470338,1.1355146006120993,1.5286800258461706,1.4691756177315227,1.5337004175919833,1.5562745545238892,1.4462051494847636,1.6448194260495375,1.7461084639582647,1.5772219776829512,1.4811104557077788,1.293854842427328,1.3999454349820808,1.367366679869118,1.8840717084565886,1.6268374287369531,1.6032024139797487,1.6384211219009148,1.4150661948730803,1.537385050102925,1.3439753918692778,1.5758793262654374,2.8589395332784697,0.9377576118959658,0.9354789636546035,1.5300089189272756,1.6252269764642953,1.1248548664500047,1.5783336230225378,1.0489530673333927,1.0566909282501051,1.5931200797708476,1.6508163516951617,1.4621301661838233,1.5985132133810098,2.7340257261677827,1.1461020746747237
1041,2.3379532219103707,2.282237786326945,2.316958591724246,2.333452344990115,2.285434905691938,1.0761077067947038,1.0925710887988231,1.081618074641937,1.021501774480779,1.0962440183996731,1.3539928391433032,1.419441172227148,1.5107934102947063,1.4738307090668772,1.5740690696833672,2.046170831013593,2.03028315810508,2.0620544860454757,-0.8932381832035312,0.9277937682357021,0.8835321140907909,0.9513523866518755,0.8328054733035845,0.8163523172789763,0.4168241577301972,0.3605054918099262,0.32748578224367475,0.39587950157494034,0.3799573325672363,0.7859071872056025,0.9822178072224723,0.9648074138861253,0.905698818845317,0.9202056565144168,1.7985257626650988,1.8450316400441986,1.869043953614192,1.8195108929102992,1.8855017009887587,1.9309685007424058,1.936937635037813,1.9479210841875854,1.985911386017559,1.9418094292301724,0.9195928228970911,0.8775707669721862,0.9149252230048859,1.1084797699527882,0.9514337174417529,0.9218356898380651,0.9162141185368862,0.9086942572827512,0.9060840188802564,1.03287611722907,0.9132450480002059,0.9311686274773958,0.9656112135870689,0.9192090410369489,0.9785890724981279,0.909527149720033,0.9591430208541709,0.9725366469690249,0.9122128140549641,1.0222197129231296,0.9534604473443058,0.9154847753280273,1.0106105701042116,0.9786173314998843,0.9467242291025935,0.924521815724296,0.905404100175955,0.9387840459706913,0.9611019046373359,0.9168398890163272,1.9786705973539416,0.9609984092925119,0.9774137669000882,2.1448095855658655,0.9083197142680395,1.0185762776716372,0.884389212590122,0.9256322378993453,1.0125591486662904,0.9584779113392501,0.8660043254168022,0.9191459432709026,0.9165243828077827,0.93219764776003,0.9040202883910196,0.9144195548530516,0.9082854001153451,0.9191073826348299,0.9077386074675764,1.0308872248276706,0.8682132429203042,0.9293777253703208,0.9612775869228525,0.8834328399487283,1.02977007509348,0.9280172565434306,0.9028927734118333,0.9668523168418526,0.9667261629737443,0.9514689366823297,0.9582061526677457,0.932120581662907,0.9278932088370913,0.9076105814831785,0.9559927781399344,2.055316665527911,0.9667914626380729,0.9023041786809674,0.7866959994517853,0.9099990827104847,0.9196254434711086,0.9148654978884481,0.9080124328104362,0.9352406944486225,0.9548281050434615,0.9649218675012987,0.9235692941016231,0.8621777559932293,1.9718471475423445,1.0148976010547313
1042,2.345891606749454,2.3956647973554297,2.381671649606856,2.373979855190182,2.4247830175202516,1.075258880878948,1.0707358417974115,1.1386783661664144,1.1551186882726194,1.0691085931288822,1.5919813544220562,1.5832790060642705,1.5555898403313897,1.5184365877731327,1.5710760422651906,2.1093501505346923,2.1000340507166353,2.1023953392150103,-0.8160568929867833,0.9921307351345777,0.9820207435169702,0.9985867826949272,0.9520419276005937,0.9880025957542534,0.44706999924418267,0.45950152254038223,0.440421836994221,0.4440586067698902,0.44444284514879784,0.9492310840283151,0.9658623620743816,0.9820854905776728,0.9715324258501008,0.9439904508255506,1.9217115036443198,1.9003448964275447,1.8615192059004388,1.9031021797771803,1.9235895560580234,2.0800257730894294,2.0830765639623583,2.0890881549794695,2.073450650865524,2.0872443860059264,0.9669237021815071,0.9906582805005155,0.9027974864845407,0.9065889239138039,0.9560563915254168,0.9647387964492715,0.9719376989367956,0.9679771627021827,0.8796391396293166,0.9582634763274243,0.9818689666399334,0.9175702407072048,0.9534449720910012,0.9821879741028945,0.9587964868248968,0.9747334405367645,0.9763388746891364,0.9766970402779158,0.9703326658983333,0.9557904930728753,0.9480548054812923,0.9722940875161372,0.9665136324817722,1.0227683139316799,0.9893858149470214,0.97338323973824,0.9606168481296318,0.9574304886513092,0.9657008743704671,0.9311834353255972,2.0853868080341584,0.9913127173934728,0.9774349241124582,2.0987774472260274,0.9502475710517051,0.99676741018772,0.948640791961084,0.9904390643461558,0.996499420702206,0.9757673937636322,0.9843988737192437,0.9692295741113504,0.9821916300456324,0.9827677892151456,0.9713466072348642,0.9742046523964465,0.9756136241873241,0.969221219012752,0.9538403878614554,1.0023667809355885,0.9632839799279029,0.9889792961594486,0.9473546426312991,1.015880922919016,0.9790839970619989,0.9433087784005472,0.9416307606716487,0.9766827354204,0.9623016265265658,0.9704358118057517,0.9452821557297453,0.9570344399767072,0.9683297726431812,0.8470693546725792,0.9786930934443325,2.120281019050582,0.9219915614192038,0.983229223392589,0.9890893604931423,0.8818088526169547,0.9315114286948756,0.9339406932928624,0.9526931862195749,0.9693577075683724,0.9612183865152155,1.0072830116807165,0.9675846119700275,0.9819896735914266,2.0924098466995553,0.9753351526392704
